dataset_size,is_delete_submotifs,execution_time,file_size_gb
5,False,3.303805209,0.0011544283479452133
5,True,3.426389208,0.0002239234745502472
