dataset_size,is_delete_submotifs,execution_time,file_size_gb
30,False,1.593976208,0.03844304848462343
30,True,8.331232625,0.007784980349242687
