dataset_size,is_delete_submotifs,execution_time,file_size_gb
30,False,2.257992917,0.03844304848462343
30,True,11.722126167,0.007784980349242687
