dataset_size,is_delete_submotifs,execution_time,file_size_gb
5,False,3.308211,0.0011544283479452133
5,True,3.423826375,0.0002239234745502472
