dataset_size,is_delete_submotifs,execution_time,file_size_gb
5,False,3.006002833,1.648440957069397e-07
5,True,3.001674792,1.5832483768463135e-07
10,False,3.006585042,2.896413207054138e-07
10,True,3.0044955,2.8870999813079834e-07
15,False,3.002896292,4.2282044887542725e-07
15,True,3.005248917,4.200264811515808e-07
